epoch,train_bpp,validation_bpp,best_validation_bpp,learning_rate
1,8.63265833125395,8.289527589624578,8.289527589624578,0.0005
2,7.329967854443718,7.098366622491317,7.098366622491317,0.0005
3,6.524133295171401,6.445964980125427,6.445964980125427,0.0005
4,6.104501003938562,5.993153848431327,5.993153848431327,0.0005
5,5.938566196666044,5.894773511453108,5.894773511453108,0.0005
6,5.756987116196576,5.809316765178334,5.809316765178334,0.0005
7,5.699914147994098,5.850920738957145,5.809316765178334,0.0005
8,5.895554349562701,5.776915723627264,5.776915723627264,0.0005
9,5.7373481211942785,6.107924569736827,5.776915723627264,0.0005
10,5.7659848381491265,5.742324859445746,5.742324859445746,0.0005
11,5.748066423079547,5.769376089356163,5.742324859445746,0.0005
12,5.691788214515237,5.673004020344127,5.673004020344127,0.0005
13,5.564618698568905,5.577132387594744,5.577132387594744,0.0005
14,5.555134913500617,5.678477966785431,5.577132387594744,0.0005
15,5.547128110773423,5.608880038694902,5.577132387594744,0.0005
16,5.5408853553323185,5.673408940705386,5.577132387594744,0.0005
17,5.791469982371611,5.764187542958693,5.577132387594744,0.0005
18,5.629561346839456,6.010908481207761,5.577132387594744,0.0005
19,5.629229321199305,5.652969580346888,5.577132387594744,0.0005
20,5.583821564842673,5.5963128859346565,5.577132387594744,0.0005
21,5.466038823969224,5.5337937485088,5.5337937485088,0.0005
22,5.459128232843736,5.4744721109216865,5.4744721109216865,0.0005
23,5.436641537161434,5.4631556174971845,5.4631556174971845,0.0005
24,5.435761682846967,5.58496013879776,5.4631556174971845,0.0005
25,5.430922665315516,5.473701833594929,5.4631556174971845,0.0005
26,5.417542834562414,5.478862504525618,5.4631556174971845,0.0005
27,5.414511160009048,5.459213319691744,5.459213319691744,0.0005
28,5.427472454519833,5.56544823104685,5.459213319691744,0.0005
29,5.418147096072926,5.404769137772647,5.404769137772647,0.0005
30,5.393268848867978,5.43297885873101,5.404769137772647,0.0005
31,5.4760754630144906,5.74567755352367,5.404769137772647,0.0005
32,5.539388472613166,5.5371843944896355,5.404769137772647,0.0005
33,5.541199224135455,5.8453551119024105,5.404769137772647,0.0005
34,5.481354163674747,5.797972777756778,5.404769137772647,0.0005
35,5.399814969231101,5.508979590372606,5.404769137772647,0.0005
36,5.3900868348514335,5.455071209777485,5.404769137772647,0.0005
37,5.372141862757066,5.439503162557428,5.404769137772647,0.0005
38,5.366576695161707,5.4323055115613075,5.404769137772647,0.0005
39,5.363616141150979,5.489668471162969,5.404769137772647,0.0005
40,5.3649721269046555,5.433286257223649,5.404769137772647,0.0005
41,5.344263367372401,5.36564985296943,5.36564985296943,0.0005
42,5.3392362830218145,5.355952935869044,5.355952935869044,0.0005
43,5.351095333099365,5.400476206432689,5.355952935869044,0.0005
44,5.338682443955365,5.374308032339269,5.355952935869044,0.0005
45,5.335501662983614,5.406925136392767,5.355952935869044,0.0005
46,5.349232575472663,5.446796696836298,5.355952935869044,0.0005
47,5.32533914790434,5.327360721067949,5.327360721067949,0.0005
48,5.43571935821982,5.925899131731554,5.327360721067949,0.0005
49,5.35042423584882,5.396480623158541,5.327360721067949,0.0005
50,5.3338223064647,5.329241306131537,5.327360721067949,0.0004
51,5.321188671448652,5.42972895340486,5.327360721067949,0.0004
52,5.422463279050939,5.4926714203574445,5.327360721067949,0.0004
53,5.48478536269244,5.386654634909196,5.327360721067949,0.0004
54,5.435578641891479,5.844628620147705,5.327360721067949,0.0004
55,5.3711123320635625,5.909421371329914,5.327360721067949,0.0004
56,5.395122872520895,5.555644071102142,5.327360721067949,0.0004
57,5.431807428247788,5.759870872714303,5.327360721067949,0.0004
58,5.364030283759622,5.614377285133709,5.327360721067949,0.0004
59,5.379897634842816,5.542289520393719,5.327360721067949,0.0004
60,5.403856315612793,5.792017030715942,5.327360721067949,0.0004
61,5.356844125635484,5.525953170386228,5.327360721067949,0.0004
62,5.3769954647737395,5.375413621555675,5.327360721067949,0.0004
63,5.3997390696581675,5.5257848219438035,5.327360721067949,0.0004
64,5.344615053289077,5.550407561388883,5.327360721067949,0.0004
65,5.384764653374167,5.348972937193784,5.327360721067949,0.0004
66,5.392666425704956,5.618912878903475,5.327360721067949,0.0004
67,5.343710525737089,5.701126133311878,5.327360721067949,0.0004
68,5.37085563547471,5.442099696939642,5.327360721067949,0.0004
69,5.389494425829719,5.569121585109017,5.327360721067949,0.0004
70,5.3733636766321515,5.4399903015656905,5.327360721067949,0.0004
71,5.345519001904656,5.576899323680184,5.327360721067949,0.0004
72,5.323914748921114,5.461843310702931,5.327360721067949,0.0004
73,5.326308889950023,5.571283556114544,5.327360721067949,0.0004
74,5.3393115088518925,5.530340562083504,5.327360721067949,0.0004
75,5.355885276794433,5.578225444663655,5.327360721067949,0.0004
76,5.328829114577349,5.446098328720439,5.327360721067949,0.0004
77,5.321132529763615,5.558309174667706,5.327360721067949,0.0004
78,5.320315382340375,5.67257053418593,5.327360721067949,0.0004
79,5.3186939273161045,5.535307702151212,5.327360721067949,0.0004
80,5.3249868864171646,5.583682311664928,5.327360721067949,0.0004
81,5.310080420550178,5.495978058468212,5.327360721067949,0.0004
82,5.3392236608617445,5.3924616000869054,5.327360721067949,0.0004
83,5.358163701225729,5.673670284314589,5.327360721067949,0.0004
84,5.3140351003759045,5.589267149838534,5.327360721067949,0.0004
85,5.317014200547162,5.735367539795962,5.327360721067949,0.0004
86,5.315042897392722,5.756713475964286,5.327360721067949,0.0004
87,5.333565202600815,5.441111904924566,5.327360721067949,0.0004
88,5.352573877222397,5.464896270361813,5.327360721067949,0.0004
89,5.302953283646527,5.544248935309324,5.327360721067949,0.0004
90,5.324224428289077,5.353160498358987,5.327360721067949,0.0004
91,5.346545038784251,5.508294373208826,5.327360721067949,0.0004
92,5.323360761754653,5.348115553639152,5.327360721067949,0.0004
93,5.286007025101606,5.478951403227719,5.327360721067949,0.0004
94,5.319236578099868,5.418933523784984,5.327360721067949,0.0004
95,5.339287499820485,5.624318814277649,5.327360721067949,0.0004
96,5.29855364519007,5.483343134143135,5.327360721067949,0.0004
97,5.316705147238339,5.30233063697815,5.30233063697815,0.0004
98,5.326156937655281,5.616080040281469,5.30233063697815,0.0004
99,5.281818907120648,5.474270787022331,5.30233063697815,0.0004
100,5.2774645771699795,5.414994166114114,5.30233063697815,0.00032
101,5.250166617000804,5.398797086152164,5.30233063697815,0.00032
102,5.254613721510943,5.333911489356648,5.30233063697815,0.00032
103,5.251443252563477,5.339011899991469,5.30233063697815,0.00032
104,5.243001814449535,5.421108224175193,5.30233063697815,0.00032
105,5.262324810028076,5.408395592732863,5.30233063697815,0.00032
106,5.304735362109016,5.247561080889269,5.247561080889269,0.00032
107,5.289242074068855,5.318753122199666,5.247561080889269,0.00032
108,5.288313321506275,5.232444142211567,5.232444142211567,0.00032
109,5.285341165766996,5.236798179149628,5.232444142211567,0.00032
110,5.278805253645953,5.262149187651548,5.232444142211567,0.00032
111,5.285573396682739,5.223897506973961,5.223897506973961,0.00032
112,5.278551638547112,5.23742756951939,5.223897506973961,0.00032
113,5.276764957203585,5.227395418557253,5.223897506973961,0.00032
114,5.282880624883315,5.217862805453214,5.217862805453214,0.00032
115,5.275453887266271,5.2419373739849435,5.217862805453214,0.00032
116,5.272567762487075,5.239235455339605,5.217862805453214,0.00032
117,5.276411473330329,5.218263399600983,5.217862805453214,0.00032
118,5.2762030455645395,5.220588075030934,5.217862805453214,0.00032
119,5.273485041786643,5.248135680502111,5.217862805453214,0.00032
120,5.2768059253692625,5.205802017992193,5.205802017992193,0.00032
121,5.269330861708697,5.243776004964655,5.205802017992193,0.00032
122,5.275395071927239,5.210927829959176,5.205802017992193,0.00032
123,5.258430405224071,5.287389139695601,5.205802017992193,0.00032
124,5.231647957072538,5.414379101449793,5.205802017992193,0.00032
125,5.208126684076646,5.426042287999933,5.205802017992193,0.00032
126,5.218502045238719,5.550019079988653,5.205802017992193,0.00032
127,5.2275657973569984,5.4784936753186315,5.205802017992193,0.00032
128,5.219321148816277,5.427192836458032,5.205802017992193,0.00032
129,5.207461908564848,5.488432665304704,5.205802017992193,0.00032
130,5.222177697349997,5.531025431372902,5.205802017992193,0.00032
131,5.217164662866032,5.465082318132574,5.205802017992193,0.00032
132,5.215423315272612,5.531022667884827,5.205802017992193,0.00032
133,5.22361086621004,5.562031385031614,5.205802017992193,0.00032
134,5.22312027538524,5.4458063634959135,5.205802017992193,0.00032
135,5.219931878482594,5.648280877416784,5.205802017992193,0.00032
136,5.230585691788617,5.196117104183544,5.196117104183544,0.00032
137,5.280274654276231,5.237070806459947,5.196117104183544,0.00032
138,5.270092041352216,5.233236109126698,5.196117104183544,0.00032
139,5.248825483883128,5.211923715201292,5.196117104183544,0.00032
140,5.252942083583158,5.199886863881892,5.196117104183544,0.00032
141,5.249340078129488,5.191679710691625,5.191679710691625,0.00032
142,5.2485149024514595,5.168945082751187,5.168945082751187,0.00032
143,5.245885051278507,5.167582178115845,5.167582178115845,0.00032
144,5.242146673763499,5.1697544032877145,5.167582178115845,0.00032
145,5.239506297952989,5.164228912917051,5.164228912917051,0.00032
146,5.241473394281724,5.177774938670072,5.164228912917051,0.00032
147,5.236618564269122,5.177338524298235,5.164228912917051,0.00032
148,5.2519346057667455,5.211957650834864,5.164228912917051,0.00032
149,5.231134598114911,5.245221350409768,5.164228912917051,0.00032
150,5.187412927290972,5.338755574009635,5.164228912917051,0.00025600000000000004
151,5.218822456247667,5.17691406770186,5.164228912917051,0.00025600000000000004
152,5.212308276120354,5.180023791573264,5.164228912917051,0.00025600000000000004
153,5.20528166770935,5.140954692797227,5.140954692797227,0.00025600000000000004
154,5.210447798897238,5.175865242697975,5.140954692797227,0.00025600000000000004
155,5.214066420162426,5.1463377443226905,5.140954692797227,0.00025600000000000004
156,5.203865227418787,5.155930914662101,5.140954692797227,0.00025600000000000004
157,5.208234954721787,5.134633231163025,5.134633231163025,0.00025600000000000004
158,5.211708640491262,5.159242346070029,5.134633231163025,0.00025600000000000004
159,5.212118565615485,5.139612357182936,5.134633231163025,0.00025600000000000004
160,5.209788634917316,5.146882651068948,5.134633231163025,0.00025600000000000004
161,5.204906736261704,5.152723857489499,5.134633231163025,0.00025600000000000004
162,5.1920165449030256,5.137755767865614,5.134633231163025,0.00025600000000000004
163,5.188411601010491,5.128536699034951,5.128536699034951,0.00025600000000000004
164,5.191375543369967,5.141380598328331,5.128536699034951,0.00025600000000000004
165,5.184144935046925,5.1870856003327805,5.128536699034951,0.00025600000000000004
166,5.19204436526579,5.124387140707536,5.124387140707536,0.00025600000000000004
167,5.185818800084731,5.1581229773434725,5.124387140707536,0.00025600000000000004
168,5.193657553055707,5.114278223297813,5.114278223297813,0.00025600000000000004
169,5.186782512664795,5.138044169816104,5.114278223297813,0.00025600000000000004
170,5.189504944296444,5.1169166911732065,5.114278223297813,0.00025600000000000004
171,5.185710012772504,5.115337679602883,5.114278223297813,0.00025600000000000004
172,5.196794195175171,5.131407820094715,5.114278223297813,0.00025600000000000004
173,5.190840413149665,5.137469480254433,5.114278223297813,0.00025600000000000004
174,5.195911417568431,5.139750663800673,5.114278223297813,0.00025600000000000004
175,5.185421571170583,5.131129773096605,5.114278223297813,0.00025600000000000004
176,5.191090567532708,5.108702635765075,5.108702635765075,0.00025600000000000004
177,5.182577976339004,5.131779662045566,5.108702635765075,0.00025600000000000004
178,5.187820812113145,5.1126830848780545,5.108702635765075,0.00025600000000000004
179,5.1842468233669505,5.137156555869362,5.108702635765075,0.00025600000000000004
180,5.181366262996898,5.102257601781325,5.102257601781325,0.00025600000000000004
181,5.17976845404681,5.145929050445557,5.102257601781325,0.00025600000000000004
182,5.188830266279333,5.104796089909294,5.102257601781325,0.00025600000000000004
183,5.172652761234956,5.183891083977439,5.102257601781325,0.00025600000000000004
184,5.162514024061315,5.243112516403198,5.102257601781325,0.00025600000000000004
185,5.194161803301643,5.1408235907554625,5.102257601781325,0.00025600000000000004
186,5.177250420626472,5.179802774299275,5.102257601781325,0.00025600000000000004
187,5.150207013522877,5.310966380075975,5.102257601781325,0.00025600000000000004
188,5.16331259839675,5.278809860619631,5.102257601781325,0.00025600000000000004
189,5.151657957750208,5.28937260129235,5.102257601781325,0.00025600000000000004
190,5.159406002830057,5.279741091077978,5.102257601781325,0.00025600000000000004
191,5.172038824418012,5.216896550221876,5.102257601781325,0.00025600000000000004
192,5.183771096397849,5.124797562035647,5.102257601781325,0.00025600000000000004
193,5.188120397118961,5.111244609139183,5.102257601781325,0.00025600000000000004
194,5.167488896426033,5.187022894079035,5.102257601781325,0.00025600000000000004
195,5.151792687808766,5.216916605559263,5.102257601781325,0.00025600000000000004
196,5.190256400949814,5.116630029678345,5.102257601781325,0.00025600000000000004
197,5.176070622275858,5.226004382697019,5.102257601781325,0.00025600000000000004
198,5.147629461288452,5.298756932128559,5.102257601781325,0.00025600000000000004
199,5.14677664083593,5.294579032334414,5.102257601781325,0.00025600000000000004
200,5.1564899596046,5.0882302295077935,5.0882302295077935,0.00020480000000000004
201,5.138600474525901,5.061822270263325,5.061822270263325,0.00020480000000000004
202,5.1305583123599785,5.067026089538228,5.061822270263325,0.00020480000000000004
203,5.133214159572826,5.071873688697815,5.061822270263325,0.00020480000000000004
204,5.1337508201599125,5.067832912098278,5.061822270263325,0.00020480000000000004
205,5.138645268608542,5.070199901407415,5.061822270263325,0.00020480000000000004
206,5.1374839446123906,5.0854866862297055,5.061822270263325,0.00020480000000000004
207,5.1498972197139965,5.065191698074341,5.061822270263325,0.00020480000000000004
208,5.136824609532076,5.0740883350372314,5.061822270263325,0.00020480000000000004
209,5.136159435721004,5.071690624410456,5.061822270263325,0.00020480000000000004
210,5.131424175711239,5.056906575506384,5.056906575506384,0.00020480000000000004
211,5.138653583526612,5.0735327709804885,5.056906575506384,0.00020480000000000004
212,5.130520529466517,5.112171174179424,5.056906575506384,0.00020480000000000004
213,5.134969115537755,5.075749097087167,5.056906575506384,0.00020480000000000004
214,5.133427548128016,5.07669287594882,5.056906575506384,0.00020480000000000004
215,5.1350305764815385,5.0771136457269845,5.056906575506384,0.00020480000000000004
216,5.139089472153607,5.065214578671889,5.056906575506384,0.00020480000000000004
217,5.129818640877219,5.06295643936504,5.056906575506384,0.00020480000000000004
218,5.127783816842472,5.064071207696741,5.056906575506384,0.00020480000000000004
219,5.130856181873995,5.049064428156073,5.049064428156073,0.00020480000000000004
220,5.134921237721163,5.0595194794914935,5.049064428156073,0.00020480000000000004
221,5.132208522908828,5.065159061822024,5.049064428156073,0.00020480000000000004
222,5.1297432753619026,5.0581738255240705,5.049064428156073,0.00020480000000000004
223,5.122371338115019,5.058868115598505,5.049064428156073,0.00020480000000000004
224,5.128894102994133,5.059795897657221,5.049064428156073,0.00020480000000000004
225,5.117571762309355,5.141789117726413,5.049064428156073,0.00020480000000000004
226,5.129957443686092,5.043420494686473,5.043420494686473,0.00020480000000000004
227,5.127953924852259,5.129659215970473,5.043420494686473,0.00020480000000000004
228,5.128841402390424,5.041764082691886,5.041764082691886,0.00020480000000000004
229,5.127151257010067,5.0955363262783395,5.041764082691886,0.00020480000000000004
230,5.120987725538366,5.0665636669505725,5.041764082691886,0.00020480000000000004
231,5.125605850219727,5.086594637957487,5.041764082691886,0.00020480000000000004
232,5.125005494847017,5.056892557577654,5.041764082691886,0.00020480000000000004
233,5.130703545177684,5.1010181145234545,5.041764082691886,0.00020480000000000004
234,5.110531049055211,5.039041292667389,5.039041292667389,0.00020480000000000004
235,5.115530888613533,5.040094684470784,5.039041292667389,0.00020480000000000004
236,5.118516508551205,5.064059961925853,5.039041292667389,0.00020480000000000004
237,5.131147678038653,5.068924653530121,5.039041292667389,0.00020480000000000004
238,5.1184272289276125,5.1157029856335035,5.039041292667389,0.00020480000000000004
239,5.115866163478178,5.062856367501346,5.039041292667389,0.00020480000000000004
240,5.12117756394779,5.061875942620364,5.039041292667389,0.00020480000000000004
241,5.115724752089556,5.040604875304482,5.039041292667389,0.00020480000000000004
242,5.117430817099178,5.058214318752289,5.039041292667389,0.00020480000000000004
243,5.12922124301686,5.029487406123768,5.029487406123768,0.00020480000000000004
244,5.128244236216825,5.039647027579221,5.029487406123768,0.00020480000000000004
245,5.113645485709696,5.064297451756217,5.029487406123768,0.00020480000000000004
246,5.112655122981352,5.057818087664518,5.029487406123768,0.00020480000000000004
247,5.11565795842339,5.024096064134078,5.024096064134078,0.00020480000000000004
248,5.117515495524687,5.2034864501519635,5.024096064134078,0.00020480000000000004
249,5.111953314612894,5.051562652804635,5.024096064134078,0.00020480000000000004
250,5.1174002406176395,5.147617453878576,5.024096064134078,0.00016384000000000006
251,5.082526379753562,4.998682308197021,4.998682308197021,0.00016384000000000006
252,5.087342360440423,5.0066593473607846,4.998682308197021,0.00016384000000000006
253,5.091826162338257,5.001638864387165,4.998682308197021,0.00016384000000000006
254,5.086969202827005,4.997588259523565,4.997588259523565,0.00016384000000000006
255,5.08840500831604,5.011234831809998,4.997588259523565,0.00016384000000000006
256,5.090177813137279,5.0111483584750784,4.997588259523565,0.00016384000000000006
257,5.08942943685195,5.002970097281716,4.997588259523565,0.00016384000000000006
258,5.086309294981115,4.99824974862012,4.997588259523565,0.00016384000000000006
259,5.092713294309728,5.015422570705414,4.997588259523565,0.00016384000000000006
260,5.087502046472886,5.005554800683802,4.997588259523565,0.00016384000000000006
261,5.0932175939223345,5.014710017767819,4.997588259523565,0.00016384000000000006
262,5.092908673005946,5.010374501618472,4.997588259523565,0.00016384000000000006
263,5.088250794691198,5.037543621930209,4.997588259523565,0.00016384000000000006
264,5.094371073105756,5.024713570421392,4.997588259523565,0.00016384000000000006
265,5.093193266812492,5.0171612544493245,4.997588259523565,0.00016384000000000006
266,5.09014868960661,5.029590333591808,4.997588259523565,0.00016384000000000006
267,5.09232564982246,5.022028949043968,4.997588259523565,0.00016384000000000006
268,5.088161570605109,5.028955846483057,4.997588259523565,0.00016384000000000006
269,5.089435360291425,5.011287187446247,4.997588259523565,0.00016384000000000006
270,5.085144886129043,4.999228295412931,4.997588259523565,0.00016384000000000006
271,5.08687551835004,5.005634274265983,4.997588259523565,0.00016384000000000006
272,5.093013582790599,5.0029306812719865,4.997588259523565,0.00016384000000000006
273,5.076518656225765,4.996059331026944,4.996059331026944,0.00016384000000000006
274,5.083009846631218,4.995115189118819,4.995115189118819,0.00016384000000000006
275,5.089247354058658,5.0062833580103785,4.995115189118819,0.00016384000000000006
276,5.085792824240292,4.987642302296378,4.987642302296378,0.00016384000000000006
277,5.087825395920698,4.989784520322626,4.987642302296378,0.00016384000000000006
278,5.0832475510765525,4.990332929654555,4.987642302296378,0.00016384000000000006
279,5.07860008912928,5.002169451930306,4.987642302296378,0.00016384000000000006
280,5.081778295180377,5.0484658501364965,4.987642302296378,0.00016384000000000006
281,5.087116814781638,4.985429888421839,4.985429888421839,0.00016384000000000006
282,5.084282009461347,4.995508592778986,4.985429888421839,0.00016384000000000006
283,5.0774790062623865,4.992039433392612,4.985429888421839,0.00016384000000000006
284,5.081066603380091,5.014415625008669,4.985429888421839,0.00016384000000000006
285,5.085417914110072,4.997491536357186,4.985429888421839,0.00016384000000000006
286,5.087442131603465,5.015287243236195,4.985429888421839,0.00016384000000000006
287,5.078964063420015,5.017341649532318,4.985429888421839,0.00016384000000000006
288,5.081946749406702,4.998311775380915,4.985429888421839,0.00016384000000000006
289,5.081562004089355,4.985654697634957,4.985429888421839,0.00016384000000000006
290,5.080915592417997,5.023309447548606,4.985429888421839,0.00016384000000000006
291,5.077757632872638,5.014558679407293,4.985429888421839,0.00016384000000000006
292,5.0765353763804715,4.9937687353654345,4.985429888421839,0.00016384000000000006
293,5.075831692639519,5.0179697329347785,4.985429888421839,0.00016384000000000006
294,5.074719924365773,4.985316279801455,4.985316279801455,0.00016384000000000006
295,5.071027112287633,4.989170142737302,4.985316279801455,0.00016384000000000006
296,5.072034373563879,4.970471695336428,4.970471695336428,0.00016384000000000006
297,5.077827365538653,4.992772415551272,4.970471695336428,0.00016384000000000006
298,5.076262656380148,4.988092394308611,4.970471695336428,0.00016384000000000006
299,5.069423713123097,4.99069466049021,4.970471695336428,0.00016384000000000006
300,5.070890889448278,4.988199791041287,4.970471695336428,0.00013107200000000006
301,5.059969583399155,4.961334334720265,4.961334334720265,0.00013107200000000006
302,5.0627661800384525,4.987227202545513,4.961334334720265,0.00013107200000000006
303,5.059364718268899,4.99962661374699,4.961334334720265,0.00013107200000000006
304,5.064363072339226,4.989493670246818,4.961334334720265,0.00013107200000000006
305,5.062939147949219,4.97994616356763,4.961334334720265,0.00013107200000000006
306,5.060039181989782,4.9655268734151665,4.961334334720265,0.00013107200000000006
307,5.056914411993588,4.962088349732485,4.961334334720265,0.00013107200000000006
308,5.060033873389749,4.958456855470484,4.958456855470484,0.00013107200000000006
309,5.055275449191822,4.957123782417991,4.957123782417991,0.00013107200000000006
310,5.054385041068582,4.964320424470034,4.957123782417991,0.00013107200000000006
311,5.05968064252068,4.956653636152094,4.956653636152094,0.00013107200000000006
312,5.058886813556446,4.953392946720124,4.953392946720124,0.00013107200000000006
313,5.0532394841138055,4.9505413814024495,4.9505413814024495,0.00013107200000000006
314,5.0571323377945845,4.95782200423154,4.9505413814024495,0.00013107200000000006
315,5.054358312943402,4.9548506942662325,4.9505413814024495,0.00013107200000000006
316,5.056646772833432,4.949116815220226,4.949116815220226,0.00013107200000000006
317,5.054842404197244,4.953571804003282,4.949116815220226,0.00013107200000000006
318,5.0524609083287855,4.9517886768687855,4.949116815220226,0.00013107200000000006
319,5.0519572706783515,4.9513612140308725,4.949116815220226,0.00013107200000000006
320,5.052844861535465,4.9462226900187405,4.9462226900187405,0.00013107200000000006
321,5.0490316907097315,4.942199197682467,4.942199197682467,0.00013107200000000006
322,5.048429741017959,4.952151742848483,4.942199197682467,0.00013107200000000006
323,5.054359921287088,4.949873406236822,4.942199197682467,0.00013107200000000006
324,5.047555806777057,4.953099662607366,4.942199197682467,0.00013107200000000006
325,5.048738307952881,4.94672181931409,4.942199197682467,0.00013107200000000006
326,5.050684967602001,4.945566987991333,4.942199197682467,0.00013107200000000006
327,5.0481393948723285,4.94876763603904,4.942199197682467,0.00013107200000000006
328,5.046652245802038,4.949204616113143,4.942199197682467,0.00013107200000000006
329,5.050915271534639,4.9583144903182985,4.942199197682467,0.00013107200000000006
330,5.048579787086038,4.954296931353483,4.942199197682467,0.00013107200000000006
331,5.056958790386425,4.9769166209480975,4.942199197682467,0.00013107200000000006
332,5.047596307081335,4.9530461885712365,4.942199197682467,0.00013107200000000006
333,5.051397506489473,4.946166053685275,4.942199197682467,0.00013107200000000006
334,5.047534721598906,4.946900298378685,4.942199197682467,0.00013107200000000006
335,5.04308285040014,4.938871398839083,4.938871398839083,0.00013107200000000006
336,5.046929542878095,4.93963069265539,4.938871398839083,0.00013107200000000006
337,5.054256390964284,4.937608048048887,4.937608048048887,0.00013107200000000006
338,5.049530405156752,4.937787553397092,4.937608048048887,0.00013107200000000006
339,5.047125132504632,4.94055571122603,4.937608048048887,0.00013107200000000006
340,5.0533938363019155,4.936329201134768,4.936329201134768,0.00013107200000000006
341,5.053633235482609,4.940635747259313,4.936329201134768,0.00013107200000000006
342,5.046526066275204,4.948028652234511,4.936329201134768,0.00013107200000000006
343,5.045596859314863,4.957780534570867,4.936329201134768,0.00013107200000000006
344,5.04007625131046,4.944577447934584,4.936329201134768,0.00013107200000000006
345,5.039473952125101,4.937422399087386,4.936329201134768,0.00013107200000000006
346,5.037091263041777,4.927299146218734,4.927299146218734,0.00013107200000000006
347,5.038882290896248,4.937549905343489,4.927299146218734,0.00013107200000000006
348,5.0389734189650595,4.935489834438671,4.927299146218734,0.00013107200000000006
349,5.042160025764914,4.936424650929191,4.927299146218734,0.00013107200000000006
350,5.0477104461894315,4.9364092003215445,4.927299146218734,0.00010485760000000006
351,5.0367593108906465,4.926888839765028,4.926888839765028,0.00010485760000000006
352,5.030331750196569,4.927321715788408,4.926888839765028,0.00010485760000000006
353,5.025797409730799,4.923425198685039,4.923425198685039,0.00010485760000000006
354,5.026023055805879,4.922489353743466,4.922489353743466,0.00010485760000000006
355,5.027007490606869,4.918302127447995,4.918302127447995,0.00010485760000000006
356,5.024967476900886,4.91794876943935,4.91794876943935,0.00010485760000000006
357,5.056609973346486,4.982030386274511,4.91794876943935,0.00010485760000000006
358,5.042801354352165,4.938916768810966,4.91794876943935,0.00010485760000000006
359,5.032110436383416,4.927924199537798,4.91794876943935,0.00010485760000000006
360,5.0274912037568935,4.9284308487718755,4.91794876943935,0.00010485760000000006
361,5.029029132618624,4.9259923414750535,4.91794876943935,0.00010485760000000006
362,5.030525905384737,4.923945956880396,4.91794876943935,0.00010485760000000006
363,5.030590950460995,4.926218707994981,4.91794876943935,0.00010485760000000006
364,5.023588048149557,4.925356575575742,4.91794876943935,0.00010485760000000006
365,5.022146760716158,4.919472423466769,4.91794876943935,0.00010485760000000006
366,5.017881464677698,4.915512362393466,4.915512362393466,0.00010485760000000006
367,5.021323809904211,4.910860339078036,4.910860339078036,0.00010485760000000006
368,5.022298986210543,4.912220627611334,4.910860339078036,0.00010485760000000006
369,5.0287574717577765,4.9131075295535,4.910860339078036,0.00010485760000000006
370,5.0230060970082,4.911751755801114,4.910860339078036,0.00010485760000000006
371,5.019479286530439,4.909216951240193,4.909216951240193,0.00010485760000000006
372,5.030607118045583,4.910417800599879,4.909216951240193,0.00010485760000000006
373,5.0190269767536835,4.913370075009086,4.909216951240193,0.00010485760000000006
374,5.0306761674319995,4.921717790040103,4.909216951240193,0.00010485760000000006
375,5.0209302958320166,4.913220663504167,4.909216951240193,0.00010485760000000006
376,5.02723354956683,4.918093981526114,4.909216951240193,0.00010485760000000006
377,5.022950948827407,4.909404971382835,4.909216951240193,0.00010485760000000006
378,5.02148419604582,4.912718471613798,4.909216951240193,0.00010485760000000006
379,5.018006704554838,4.915439676154744,4.909216951240193,0.00010485760000000006
380,5.018043714972103,4.910107538916848,4.909216951240193,0.00010485760000000006
381,5.01587760476505,4.915375971794129,4.909216951240193,0.00010485760000000006
382,5.02378202382256,4.913549178296869,4.909216951240193,0.00010485760000000006
383,5.015824692109052,4.90767743695866,4.90767743695866,0.00010485760000000006
384,5.011456509197459,4.904862467809157,4.904862467809157,0.00010485760000000006
385,5.013504179786233,4.9039692596955735,4.9039692596955735,0.00010485760000000006
386,5.012802004533656,4.9015700069340795,4.9015700069340795,0.00010485760000000006
387,5.024666233623729,4.91746156540784,4.9015700069340795,0.00010485760000000006
388,5.016408207837273,4.909620796550404,4.9015700069340795,0.00010485760000000006
389,5.0150125727934,4.90653685873205,4.9015700069340795,0.00010485760000000006
390,5.011586093341603,4.90789141329852,4.9015700069340795,0.00010485760000000006
391,5.008783672557158,4.901272835514762,4.901272835514762,0.00010485760000000006
392,5.01297968864441,4.902346480976451,4.901272835514762,0.00010485760000000006
393,5.015396121529972,4.905565739761699,4.901272835514762,0.00010485760000000006
394,5.014051247204051,4.896654888716611,4.896654888716611,0.00010485760000000006
395,5.013151939055499,4.902006203478033,4.896654888716611,0.00010485760000000006
396,5.013759592280668,4.901916016231883,4.896654888716611,0.00010485760000000006
397,5.012405824661255,4.902181843194095,4.896654888716611,0.00010485760000000006
398,5.025542061188641,4.919036025350744,4.896654888716611,0.00010485760000000006
399,5.016368935528924,4.906413987549868,4.896654888716611,0.00010485760000000006
400,5.014356654672062,4.907269602472132,4.896654888716611,8.388608000000005e-05
401,5.014099369610057,4.913156734813343,4.896654888716611,8.388608000000005e-05
402,5.009945530049941,4.903277985616164,4.896654888716611,8.388608000000005e-05
403,5.01021479101742,4.899476339600303,4.896654888716611,8.388608000000005e-05
404,5.010941784802605,4.901115586540916,4.896654888716611,8.388608000000005e-05
405,5.00758422907661,4.898500701514157,4.896654888716611,8.388608000000005e-05
406,5.006471303491032,4.898066901076923,4.896654888716611,8.388608000000005e-05
407,5.007546920215383,4.898322366584431,4.896654888716611,8.388608000000005e-05
408,5.005253511877621,4.8970535169948235,4.896654888716611,8.388608000000005e-05
409,5.008664776297176,4.89616149447181,4.89616149447181,8.388608000000005e-05
410,5.006256299299352,4.89373965696855,4.89373965696855,8.388608000000005e-05
411,5.008030812319587,4.893537923422727,4.893537923422727,8.388608000000005e-05
412,5.002380453558529,4.893886824087663,4.893537923422727,8.388608000000005e-05
413,5.004545172523049,4.892132787270979,4.892132787270979,8.388608000000005e-05
414,5.006795818665449,4.8985637480562385,4.892132787270979,8.388608000000005e-05
415,5.002886772716747,4.89188803434372,4.89188803434372,8.388608000000005e-05
416,5.001397664687213,4.892079831253398,4.89188803434372,8.388608000000005e-05
417,5.009818134307861,4.893703352321278,4.89188803434372,8.388608000000005e-05
418,5.011126326953663,4.893175315856934,4.89188803434372,8.388608000000005e-05
419,5.010576086605297,4.902033656293695,4.89188803434372,8.388608000000005e-05
420,5.00543309099534,4.902877370877699,4.89188803434372,8.388608000000005e-05
421,4.999714782378253,4.89540862603621,4.89188803434372,8.388608000000005e-05
422,5.004972029293285,4.894191337715496,4.89188803434372,8.388608000000005e-05
423,5.016478085798376,4.900413367965005,4.89188803434372,8.388608000000005e-05
424,5.0027368231380684,4.891058366948908,4.891058366948908,8.388608000000005e-05
425,5.008710067973418,4.892280898310921,4.891058366948908,8.388608000000005e-05
426,5.013548921136295,4.903120242465626,4.891058366948908,8.388608000000005e-05
427,5.004399399476893,4.899914704669605,4.891058366948908,8.388608000000005e-05
428,5.012594354292926,4.897909390926361,4.891058366948908,8.388608000000005e-05
429,5.0014630216710705,4.892678201198578,4.891058366948908,8.388608000000005e-05
430,4.9994302025963275,4.892970003864982,4.891058366948908,8.388608000000005e-05
431,5.005173000447891,4.891567677801306,4.891058366948908,8.388608000000005e-05
432,5.0005081950916965,4.891341718760404,4.891058366948908,8.388608000000005e-05
433,5.002370172388414,4.889973125674508,4.889973125674508,8.388608000000005e-05
434,4.998168479134055,4.8877567551352765,4.8877567551352765,8.388608000000005e-05
435,4.996808835758882,4.8858215819705615,4.8858215819705615,8.388608000000005e-05
436,4.997490320205689,4.887597567384893,4.8858215819705615,8.388608000000005e-05
437,4.994385420294369,4.882277023792267,4.882277023792267,8.388608000000005e-05
438,4.996110003415276,4.885733434286984,4.882277023792267,8.388608000000005e-05
439,4.9977645845974195,4.883224934881384,4.882277023792267,8.388608000000005e-05
440,5.0011297332539275,4.892080569267273,4.882277023792267,8.388608000000005e-05
441,4.992970320757697,4.884980729493228,4.882277023792267,8.388608000000005e-05
442,5.032920730815214,4.956999571756883,4.882277023792267,8.388608000000005e-05
443,5.023095060797298,4.91604560288516,4.882277023792267,8.388608000000005e-05
444,5.007199582492604,4.914867453141646,4.882277023792267,8.388608000000005e-05
445,5.004661285736981,4.906730885939164,4.882277023792267,8.388608000000005e-05
446,5.006328768449671,4.89550115628676,4.882277023792267,8.388608000000005e-05
447,5.002706277510699,4.8965102249925785,4.882277023792267,8.388608000000005e-05
448,5.005061212427476,4.899597055261785,4.882277023792267,8.388608000000005e-05
449,4.99987431974972,4.899195230007171,4.882277023792267,8.388608000000005e-05
450,4.997369760064518,4.89459414915605,4.882277023792267,6.710886400000004e-05
451,5.0014489246817195,4.890534969893369,4.882277023792267,6.710886400000004e-05
452,4.998024894489961,4.896513406796889,4.882277023792267,6.710886400000004e-05
453,4.994250365425558,4.895235253464092,4.882277023792267,6.710886400000004e-05
454,4.993942851459279,4.9031347870826725,4.882277023792267,6.710886400000004e-05
455,4.995881579903996,4.8989707361568104,4.882277023792267,6.710886400000004e-05
456,4.9962155364541445,4.909545030377128,4.882277023792267,6.710886400000004e-05
457,4.99458594602697,4.898821305144917,4.882277023792267,6.710886400000004e-05
458,4.995917066686293,4.891320685906844,4.882277023792267,6.710886400000004e-05
459,4.99616228945115,4.895062677426772,4.882277023792267,6.710886400000004e-05
460,4.992265336092781,4.901414373787967,4.882277023792267,6.710886400000004e-05
461,4.99161979338702,4.907716967842796,4.882277023792267,6.710886400000004e-05
462,4.990994114034316,4.89678439985622,4.882277023792267,6.710886400000004e-05
463,4.990131931865917,4.89832365729592,4.882277023792267,6.710886400000004e-05
464,4.992429729910458,4.896029091965069,4.882277023792267,6.710886400000004e-05
465,4.991533779817469,4.8952366655523125,4.882277023792267,6.710886400000004e-05
466,4.993601554421818,4.901676957173781,4.882277023792267,6.710886400000004e-05
467,4.990230358348173,4.893023083426735,4.882277023792267,6.710886400000004e-05
468,4.989169908972348,4.895309653065421,4.882277023792267,6.710886400000004e-05
469,4.987029262430528,4.886086192998019,4.882277023792267,6.710886400000004e-05
470,4.990923340741326,4.8848201632499695,4.882277023792267,6.710886400000004e-05
471,4.986689124387853,4.880561077594757,4.880561077594757,6.710886400000004e-05
472,4.987503607132855,4.892986557700417,4.880561077594757,6.710886400000004e-05
473,4.988690501942354,4.893312467228283,4.880561077594757,6.710886400000004e-05
474,4.988566541671753,4.887253421003169,4.880561077594757,6.710886400000004e-05
475,4.985625473471249,4.88293622190302,4.880561077594757,6.710886400000004e-05
476,4.98564307717716,4.890544521808624,4.880561077594757,6.710886400000004e-05
477,4.9877699481739715,4.887162878296592,4.880561077594757,6.710886400000004e-05
478,4.987764110565186,4.885971976410259,4.880561077594757,6.710886400000004e-05
479,4.999075992808622,4.932567035068165,4.880561077594757,6.710886400000004e-05
480,5.0140446247774015,4.905086864124645,4.880561077594757,6.710886400000004e-05
481,4.997888248667998,4.896626334840601,4.880561077594757,6.710886400000004e-05
482,4.994814533906824,4.893057923967188,4.880561077594757,6.710886400000004e-05
483,4.991333362915936,4.889093161712993,4.880561077594757,6.710886400000004e-05
484,4.994869686014512,4.896167161247947,4.880561077594757,6.710886400000004e-05
485,4.98983029197244,4.892858801104806,4.880561077594757,6.710886400000004e-05
486,4.9883458917281205,4.895779392936013,4.880561077594757,6.710886400000004e-05
487,4.988286975411808,4.8908224994486025,4.880561077594757,6.710886400000004e-05
488,4.98661244392395,4.8889538298953665,4.880561077594757,6.710886400000004e-05
489,4.987091518289903,4.889881157875061,4.880561077594757,6.710886400000004e-05
490,4.9852401060216565,4.88789789243178,4.880561077594757,6.710886400000004e-05
491,4.984683463713702,4.89051878452301,4.880561077594757,6.710886400000004e-05
492,4.9831378409441776,4.8962585470893165,4.880561077594757,6.710886400000004e-05
493,4.981750246496762,4.883503861860795,4.880561077594757,6.710886400000004e-05
494,4.980514257655424,4.88319484537298,4.880561077594757,6.710886400000004e-05
495,4.981146506141214,4.887910515611822,4.880561077594757,6.710886400000004e-05
496,4.979742788427016,4.881616517630491,4.880561077594757,6.710886400000004e-05
497,4.982244025398703,4.880463839660991,4.880463839660991,6.710886400000004e-05
498,4.983065008275649,4.888069680604068,4.880463839660991,6.710886400000004e-05
499,4.986372152777279,4.88843924890865,4.880463839660991,6.710886400000004e-05
500,4.983255446377923,4.893529578772458,4.880463839660991,5.3687091200000036e-05
501,4.980937381632188,4.872252864187414,4.872252864187414,5.3687091200000036e-05
502,4.9942339274462535,4.87857289205898,4.872252864187414,5.3687091200000036e-05
503,4.99734073638916,4.8798589533025565,4.872252864187414,5.3687091200000036e-05
504,4.9953022272446574,4.885450728373094,4.872252864187414,5.3687091200000036e-05
505,4.992875495237462,4.8753517703576525,4.872252864187414,5.3687091200000036e-05
506,4.992647210289451,4.874845224077052,4.872252864187414,5.3687091200000036e-05
507,4.995456378039192,4.874089022116228,4.872252864187414,5.3687091200000036e-05
508,4.988385603848625,4.874282418597828,4.872252864187414,5.3687091200000036e-05
509,4.988256636226878,4.874002716758034,4.872252864187414,5.3687091200000036e-05
510,4.992269260743085,4.871993981708179,4.871993981708179,5.3687091200000036e-05
511,4.990128568200504,4.874008109352806,4.871993981708179,5.3687091200000036e-05
512,4.98878519002129,4.869505703449249,4.869505703449249,5.3687091200000036e-05
513,4.986476199206184,4.873215822740034,4.869505703449249,5.3687091200000036e-05
514,4.988165679819444,4.8686402537605975,4.8686402537605975,5.3687091200000036e-05
515,4.9879867996889,4.8706205042925745,4.8686402537605975,5.3687091200000036e-05
516,4.9877643343981575,4.872034718773582,4.8686402537605975,5.3687091200000036e-05
517,4.986434814789716,4.871254912289706,4.8686402537605975,5.3687091200000036e-05
518,4.998793458377614,4.941740841215307,4.8686402537605975,5.3687091200000036e-05
519,4.989745538935942,4.903329395164143,4.8686402537605975,5.3687091200000036e-05
520,4.989137385312248,4.883214575594121,4.8686402537605975,5.3687091200000036e-05
521,4.996186725953046,4.881949302283201,4.8686402537605975,5.3687091200000036e-05
522,4.998552533318015,4.873255814205517,4.8686402537605975,5.3687091200000036e-05
523,4.995265459172866,4.87753842418844,4.8686402537605975,5.3687091200000036e-05
524,4.9894391166462615,4.877791020003232,4.8686402537605975,5.3687091200000036e-05
525,4.985805930530324,4.8739586461674085,4.8686402537605975,5.3687091200000036e-05
526,4.9834395072039435,4.871796520189806,4.8686402537605975,5.3687091200000036e-05
527,4.985212462930118,4.869696235656738,4.8686402537605975,5.3687091200000036e-05
528,4.9866783854540655,4.8671368154612455,4.8671368154612455,5.3687091200000036e-05
529,4.984292891446282,4.869016774134202,4.8671368154612455,5.3687091200000036e-05
530,4.986727027332082,4.87030038616874,4.8671368154612455,5.3687091200000036e-05
531,4.992189074684592,4.868718945980072,4.8671368154612455,5.3687091200000036e-05
532,4.993033931395587,4.876289984312924,4.8671368154612455,5.3687091200000036e-05
533,4.990806532467113,4.875503012267026,4.8671368154612455,5.3687091200000036e-05
534,4.995050286124735,4.873169488256628,4.8671368154612455,5.3687091200000036e-05
535,4.992580959095674,4.870653952251781,4.8671368154612455,5.3687091200000036e-05
536,4.989623174106374,4.869846164096486,4.8671368154612455,5.3687091200000036e-05
537,4.9894814098582545,4.869760589166121,4.8671368154612455,5.3687091200000036e-05
538,4.987559307322782,4.8729861172762785,4.8671368154612455,5.3687091200000036e-05
539,4.988823879466337,4.872386451201005,4.8671368154612455,5.3687091200000036e-05
540,4.986807569054997,4.870604541084983,4.8671368154612455,5.3687091200000036e-05
541,4.986845785028795,4.870186212929812,4.8671368154612455,5.3687091200000036e-05
542,4.983134614720064,4.862963585420088,4.862963585420088,5.3687091200000036e-05
543,4.983135396172019,4.87206337668679,4.862963585420088,5.3687091200000036e-05
544,4.985385990703807,4.865320071307096,4.862963585420088,5.3687091200000036e-05
545,4.985096446766573,4.870186172832142,4.862963585420088,5.3687091200000036e-05
546,4.989355560190537,4.87406160181219,4.862963585420088,5.3687091200000036e-05
547,4.989951055190143,4.875443318757144,4.862963585420088,5.3687091200000036e-05
548,4.9890436481027045,4.872604119777679,4.862963585420088,5.3687091200000036e-05
549,4.987590388129739,4.867559977011247,4.862963585420088,5.3687091200000036e-05
550,4.983681093103745,4.8718784408135845,4.862963585420088,4.2949672960000034e-05
551,4.974451798831716,4.874658291990107,4.862963585420088,4.2949672960000034e-05
552,4.970783416523653,4.86623351465572,4.862963585420088,4.2949672960000034e-05
553,4.969996152765611,4.8687225482680585,4.862963585420088,4.2949672960000034e-05
554,4.969551227232989,4.86512842503461,4.862963585420088,4.2949672960000034e-05
555,4.969233467438642,4.857920360565186,4.857920360565186,4.2949672960000034e-05
556,4.971036543565638,4.850597460703416,4.850597460703416,4.2949672960000034e-05
557,4.972343133477604,4.858903927152807,4.850597460703416,4.2949672960000034e-05
558,4.966952216204475,4.858519444682381,4.850597460703416,4.2949672960000034e-05
559,4.968962096606984,4.852763553099199,4.850597460703416,4.2949672960000034e-05
560,4.968236383550307,4.854040248827501,4.850597460703416,4.2949672960000034e-05
561,4.9782358421998865,4.863770807873119,4.850597460703416,4.2949672960000034e-05
562,4.972926022585701,4.855468266660517,4.850597460703416,4.2949672960000034e-05
563,4.9756413532705865,4.857668387889862,4.850597460703416,4.2949672960000034e-05
564,4.97522746703204,4.86659830158407,4.850597460703416,4.2949672960000034e-05
565,4.972845493204454,4.858753906596791,4.850597460703416,4.2949672960000034e-05
566,4.978356122970581,4.859452517466112,4.850597460703416,4.2949672960000034e-05
567,4.975009467181038,4.855066553029147,4.850597460703416,4.2949672960000034e-05
568,4.9737731249192185,4.863604504411871,4.850597460703416,4.2949672960000034e-05
569,4.975405858544742,4.8577769723805515,4.850597460703416,4.2949672960000034e-05
570,4.975864900701186,4.855060168829831,4.850597460703416,4.2949672960000034e-05
571,4.975699060664457,4.858158042214134,4.850597460703416,4.2949672960000034e-05
572,5.008155615750481,4.951480434157632,4.850597460703416,4.2949672960000034e-05
573,4.984473351310281,4.91340656822378,4.850597460703416,4.2949672960000034e-05
574,4.974863142686732,4.9001577594063495,4.850597460703416,4.2949672960000034e-05
575,4.976674125334796,4.90118438872424,4.850597460703416,4.2949672960000034e-05
576,4.9745150723176845,4.891355667331002,4.850597460703416,4.2949672960000034e-05
577,4.9706235391953415,4.888846771283583,4.850597460703416,4.2949672960000034e-05
578,4.970719004238353,4.883074747432362,4.850597460703416,4.2949672960000034e-05
579,4.972052244859583,4.8750719720667055,4.850597460703416,4.2949672960000034e-05
580,4.970381387822768,4.8650986454703595,4.850597460703416,4.2949672960000034e-05
581,4.9745547849991745,4.87000745751641,4.850597460703416,4.2949672960000034e-05
582,4.9743855605405916,4.86579909324646,4.850597460703416,4.2949672960000034e-05
583,4.977477777144488,4.8602105595848775,4.850597460703416,4.2949672960000034e-05
584,4.979985184389002,4.865937545082786,4.850597460703416,4.2949672960000034e-05
585,4.974275515500237,4.85851916399869,4.850597460703416,4.2949672960000034e-05
586,4.974861345291138,4.861479403755881,4.850597460703416,4.2949672960000034e-05
587,4.970248828214758,4.869652206247503,4.850597460703416,4.2949672960000034e-05
588,4.971725280425128,4.870385874401439,4.850597460703416,4.2949672960000034e-05
589,4.97195854916292,4.871994520317425,4.850597460703416,4.2949672960000034e-05
590,4.969041745241951,4.86797159910202,4.850597460703416,4.2949672960000034e-05
591,4.970034772648531,4.864344190467488,4.850597460703416,4.2949672960000034e-05
592,4.971809573454015,4.866790419275111,4.850597460703416,4.2949672960000034e-05
593,4.974027620203355,4.8621556791392235,4.850597460703416,4.2949672960000034e-05
594,4.97125771410325,4.85745803117752,4.850597460703416,4.2949672960000034e-05
595,4.97014123692232,4.861907135356557,4.850597460703416,4.2949672960000034e-05
596,4.969468495425056,4.862646156007593,4.850597460703416,4.2949672960000034e-05
597,4.968400400947122,4.864530459317294,4.850597460703416,4.2949672960000034e-05
598,4.969825216181138,4.866723564538089,4.850597460703416,4.2949672960000034e-05
599,4.972314832350787,4.864516618035056,4.850597460703416,4.2949672960000034e-05
600,4.970370813257554,4.861789249290119,4.850597460703416,3.435973836800003e-05
601,4.962911076826208,4.877612087943337,4.850597460703416,3.435973836800003e-05
602,4.96327636830947,4.874310486966913,4.850597460703416,3.435973836800003e-05
603,4.964710058885462,4.880301905762066,4.850597460703416,3.435973836800003e-05
604,4.961641064812155,4.86833508123051,4.850597460703416,3.435973836800003e-05
605,4.962724551593556,4.869971505078403,4.850597460703416,3.435973836800003e-05
606,4.963680004793055,4.87468083338304,4.850597460703416,3.435973836800003e-05
607,4.96410566890941,4.859338499199261,4.850597460703416,3.435973836800003e-05
608,4.963389715306899,4.862591969966888,4.850597460703416,3.435973836800003e-05
609,4.963438968097463,4.864303475076502,4.850597460703416,3.435973836800003e-05
610,4.96161569034352,4.864499515836889,4.850597460703416,3.435973836800003e-05
611,4.96440627154182,4.866642387346788,4.850597460703416,3.435973836800003e-05
612,4.965431973513435,4.868362089720639,4.850597460703416,3.435973836800003e-05
613,4.966318091785206,4.872626747868278,4.850597460703416,3.435973836800003e-05
614,4.9666155287798714,4.868103572455319,4.850597460703416,3.435973836800003e-05
615,4.962731807372149,4.865179559317502,4.850597460703416,3.435973836800003e-05
616,4.961936257867253,4.857474169947884,4.850597460703416,3.435973836800003e-05
617,4.961195596246158,4.848205076564442,4.848205076564442,3.435973836800003e-05
618,4.964897691502291,4.851648633046584,4.848205076564442,3.435973836800003e-05
619,4.961942392798031,4.8548601952466095,4.848205076564442,3.435973836800003e-05
620,4.959149501463946,4.85927997935902,4.848205076564442,3.435973836800003e-05
621,4.958832439534804,4.86072464206002,4.848205076564442,3.435973836800003e-05
622,4.9596358994876635,4.852504613182761,4.848205076564442,3.435973836800003e-05
623,4.9574920631857475,4.856240523945202,4.848205076564442,3.435973836800003e-05
624,4.957686068029965,4.853980265964161,4.848205076564442,3.435973836800003e-05
625,4.958384113311768,4.856055792895231,4.848205076564442,3.435973836800003e-05
626,4.956972839131075,4.858678481795571,4.848205076564442,3.435973836800003e-05
627,4.956381979549632,4.849507436969064,4.848205076564442,3.435973836800003e-05
628,4.956071942273308,4.852897305922075,4.848205076564442,3.435973836800003e-05
629,4.957303635653328,4.853578544746746,4.848205076564442,3.435973836800003e-05
630,4.956438472411212,4.841940789872949,4.841940789872949,3.435973836800003e-05
631,4.9576916195364555,4.845781561461362,4.841940789872949,3.435973836800003e-05
632,4.957250404918895,4.851941868391904,4.841940789872949,3.435973836800003e-05
633,4.957989535612218,4.849799148602919,4.841940789872949,3.435973836800003e-05
634,4.958396886376773,4.854058745774355,4.841940789872949,3.435973836800003e-05
635,4.95904894660501,4.855775993520563,4.841940789872949,3.435973836800003e-05
636,4.959057535283706,4.870113488760862,4.841940789872949,3.435973836800003e-05
637,4.9576183453728175,4.858189092982899,4.841940789872949,3.435973836800003e-05
638,4.958330240249634,4.856398294188759,4.841940789872949,3.435973836800003e-05
639,4.958182411193848,4.85535788861188,4.841940789872949,3.435973836800003e-05
640,4.959435134775498,4.853774375265295,4.841940789872949,3.435973836800003e-05
641,4.960186593111824,4.854082596302033,4.841940789872949,3.435973836800003e-05
642,4.957821897057926,4.84844797632911,4.841940789872949,3.435973836800003e-05
643,4.959306267570047,4.852510639754208,4.841940789872949,3.435973836800003e-05
644,4.956859038296868,4.843559165434404,4.841940789872949,3.435973836800003e-05
645,4.955792230718276,4.841392520341006,4.841392520341006,3.435973836800003e-05
646,4.956640359093162,4.851909512823278,4.841392520341006,3.435973836800003e-05
647,4.956622234232285,4.854913698543202,4.841392520341006,3.435973836800003e-05
648,4.9570167754678165,4.8478540095415985,4.841392520341006,3.435973836800003e-05
649,4.956384870865766,4.853502056815407,4.841392520341006,3.435973836800003e-05
650,4.953658721587237,4.852775665846738,4.841392520341006,2.7487790694400027e-05
651,4.948246163760914,4.847566406293349,4.841392520341006,2.7487790694400027e-05
652,4.9484326671151555,4.851606271483681,4.841392520341006,2.7487790694400027e-05
653,4.95037945803474,4.859099342606284,4.841392520341006,2.7487790694400027e-05
654,4.950311499763938,4.8604493238709185,4.841392520341006,2.7487790694400027e-05
655,4.951750988679773,4.854567781361666,4.841392520341006,2.7487790694400027e-05
656,4.950461171094109,4.855113554000854,4.841392520341006,2.7487790694400027e-05
657,4.950484659531537,4.854969107020985,4.841392520341006,2.7487790694400027e-05
658,4.951156905679142,4.8572531353343615,4.841392520341006,2.7487790694400027e-05
659,4.951437218609978,4.857995350794359,4.841392520341006,2.7487790694400027e-05
660,4.949134000890395,4.852378757433458,4.841392520341006,2.7487790694400027e-05
661,4.948213301826926,4.8512574867768725,4.841392520341006,2.7487790694400027e-05
662,4.9482551036161535,4.849851463057778,4.841392520341006,2.7487790694400027e-05
663,4.94811372981352,4.852550611712716,4.841392520341006,2.7487790694400027e-05
664,4.9469094921560846,4.844651878963817,4.841392520341006,2.7487790694400027e-05
665,4.948278562882368,4.8409763899716465,4.8409763899716465,2.7487790694400027e-05
666,4.947755416421329,4.844316388260235,4.8409763899716465,2.7487790694400027e-05
667,4.948913412094116,4.839824959364805,4.839824959364805,2.7487790694400027e-05
668,4.9484342558243695,4.841524147987366,4.839824959364805,2.7487790694400027e-05
669,4.9498320787093215,4.8455517758022655,4.839824959364805,2.7487790694400027e-05
670,4.947446017545812,4.84423989274285,4.839824959364805,2.7487790694400027e-05
671,4.949043340682984,4.853034230795774,4.839824959364805,2.7487790694400027e-05
672,4.948990006727331,4.850283014774322,4.839824959364805,2.7487790694400027e-05
673,4.947293602438534,4.84743082631718,4.839824959364805,2.7487790694400027e-05
674,4.949095042733585,4.853582370281219,4.839824959364805,2.7487790694400027e-05
675,4.946842998055851,4.846200130202553,4.839824959364805,2.7487790694400027e-05
676,4.949876304514268,4.85407592383298,4.839824959364805,2.7487790694400027e-05
677,4.94994244519402,4.852065483006564,4.839824959364805,2.7487790694400027e-05
678,4.949447026533239,4.848024408383803,4.839824959364805,2.7487790694400027e-05
679,4.950996465121999,4.851216495037079,4.839824959364805,2.7487790694400027e-05
680,4.951405946507173,4.849855999513106,4.839824959364805,2.7487790694400027e-05
681,4.950433391683242,4.848156863992864,4.839824959364805,2.7487790694400027e-05
682,4.95181232957279,4.862652845816179,4.839824959364805,2.7487790694400027e-05
683,4.949127966936897,4.8531038641929625,4.839824959364805,2.7487790694400027e-05
684,4.952116786732393,4.851141944798556,4.839824959364805,2.7487790694400027e-05
685,4.951540860007791,4.857971083034169,4.839824959364805,2.7487790694400027e-05
686,4.951644783020019,4.857878258011558,4.839824959364805,2.7487790694400027e-05
687,4.9484858995325425,4.848868458921259,4.839824959364805,2.7487790694400027e-05
688,4.95032275873072,4.847296800396659,4.839824959364805,2.7487790694400027e-05
689,4.949538209017585,4.844850801337849,4.839824959364805,2.7487790694400027e-05
690,4.949369063096888,4.846696063605222,4.839824959364805,2.7487790694400027e-05
691,4.953833021276138,4.858817410469055,4.839824959364805,2.7487790694400027e-05
692,4.950792470258825,4.852610022371466,4.839824959364805,2.7487790694400027e-05
693,4.949509994282442,4.850448865240271,4.839824959364805,2.7487790694400027e-05
694,4.949034209531896,4.850274637612429,4.839824959364805,2.7487790694400027e-05
695,4.94826221522163,4.8496508045630025,4.839824959364805,2.7487790694400027e-05
696,4.9458980577132285,4.853479923985221,4.839824959364805,2.7487790694400027e-05
697,4.946174936294556,4.848079697652296,4.839824959364805,2.7487790694400027e-05
698,4.94681311158573,4.853791103579781,4.839824959364805,2.7487790694400027e-05
699,4.945910243427052,4.854507771405307,4.839824959364805,2.7487790694400027e-05
700,4.946310249777401,4.849120642922141,4.839824959364805,2.1990232555520022e-05
701,4.938765000736012,4.848053034869108,4.839824959364805,2.1990232555520022e-05
702,4.944562011045568,4.844002871079878,4.839824959364805,2.1990232555520022e-05
703,4.942722798515769,4.846814047206532,4.839824959364805,2.1990232555520022e-05
704,4.939423858979169,4.840392132238908,4.839824959364805,2.1990232555520022e-05
705,4.93925908761866,4.842133135145361,4.839824959364805,2.1990232555520022e-05
706,4.939677954842063,4.848230929808183,4.839824959364805,2.1990232555520022e-05
707,4.94011663941776,4.8416630376469,4.839824959364805,2.1990232555520022e-05
708,4.939636033002068,4.838368821144104,4.838368821144104,2.1990232555520022e-05
709,4.939845124412986,4.83515073927966,4.83515073927966,2.1990232555520022e-05
710,4.939418118420769,4.838542778925462,4.83515073927966,2.1990232555520022e-05
711,4.9408492918575515,4.84036910425533,4.83515073927966,2.1990232555520022e-05
712,4.940665730308084,4.840966498851776,4.83515073927966,2.1990232555520022e-05
713,4.941044765360215,4.839718613841317,4.83515073927966,2.1990232555520022e-05
714,4.9400945562474865,4.839604357155887,4.83515073927966,2.1990232555520022e-05
715,4.938749062594246,4.849381272359328,4.83515073927966,2.1990232555520022e-05
716,4.945269576240988,4.861397789825093,4.83515073927966,2.1990232555520022e-05
717,4.939713528577019,4.8438921722498804,4.83515073927966,2.1990232555520022e-05
718,4.942644629197962,4.845156174356287,4.83515073927966,2.1990232555520022e-05
719,4.943624380336089,4.8441926566037266,4.83515073927966,2.1990232555520022e-05
720,4.940520101996029,4.842912002043291,4.83515073927966,2.1990232555520022e-05
721,4.940164546405568,4.841554266756231,4.83515073927966,2.1990232555520022e-05
722,4.940597508374382,4.841924237121235,4.83515073927966,2.1990232555520022e-05
723,4.941931327932021,4.842301321029663,4.83515073927966,2.1990232555520022e-05
724,4.941928256539738,4.845269623669711,4.83515073927966,2.1990232555520022e-05
725,4.9416924302718215,4.843093108047139,4.83515073927966,2.1990232555520022e-05
726,4.940707082748413,4.842474499615756,4.83515073927966,2.1990232555520022e-05
727,4.9400379180908205,4.850220396301963,4.83515073927966,2.1990232555520022e-05
728,4.940929521111881,4.843364100022749,4.83515073927966,2.1990232555520022e-05
729,4.9399002333248365,4.8392416748133575,4.83515073927966,2.1990232555520022e-05
730,4.940669430003447,4.842380938746713,4.83515073927966,2.1990232555520022e-05
731,4.939907108755673,4.8373536283319645,4.83515073927966,2.1990232555520022e-05
732,4.939722063962151,4.84082678231326,4.83515073927966,2.1990232555520022e-05
733,4.938777915730196,4.848799846389077,4.83515073927966,2.1990232555520022e-05
734,4.939527724770938,4.842465927384117,4.83515073927966,2.1990232555520022e-05
735,4.939438995473525,4.840620985898105,4.83515073927966,2.1990232555520022e-05
736,4.9399885968601005,4.84041578986428,4.83515073927966,2.1990232555520022e-05
737,4.939153364405913,4.842272906953638,4.83515073927966,2.1990232555520022e-05
738,4.940663394927978,4.838855394450101,4.83515073927966,2.1990232555520022e-05
739,4.938775042365579,4.843726702169938,4.83515073927966,2.1990232555520022e-05
740,4.93855588351979,4.841980715231462,4.83515073927966,2.1990232555520022e-05
741,4.938201447094188,4.842023278366436,4.83515073927966,2.1990232555520022e-05
742,4.93797347573673,4.842450029199774,4.83515073927966,2.1990232555520022e-05
743,4.93921287761015,4.841218920187517,4.83515073927966,2.1990232555520022e-05
744,4.938382428674137,4.838049328327179,4.83515073927966,2.1990232555520022e-05
745,4.938001726935892,4.833162676204335,4.833162676204335,2.1990232555520022e-05
746,4.938898424260756,4.835527957569469,4.833162676204335,2.1990232555520022e-05
747,4.937534849503461,4.834302669221705,4.833162676204335,2.1990232555520022e-05
748,4.940140749426449,4.839649015123194,4.833162676204335,2.1990232555520022e-05
749,4.940517645443187,4.837393003160304,4.833162676204335,2.1990232555520022e-05
750,4.9392893549975225,4.841600862416354,4.833162676204335,1.7592186044416018e-05
751,4.935069393270156,4.8338357882066205,4.833162676204335,1.7592186044416018e-05
752,4.9359230192969825,4.838212160630659,4.833162676204335,1.7592186044416018e-05
753,4.937493723140044,4.835764342004603,4.833162676204335,1.7592186044416018e-05
754,4.936135822183946,4.8334160577167165,4.833162676204335,1.7592186044416018e-05
755,4.9364173889160154,4.831115279414437,4.831115279414437,1.7592186044416018e-05
756,4.936580433004043,4.84615329504013,4.831115279414437,1.7592186044416018e-05
757,4.939816671259263,4.842377350547097,4.831115279414437,1.7592186044416018e-05
758,4.9366500007405,4.840406684442,4.831115279414437,1.7592186044416018e-05
759,4.936004517499138,4.840545124357397,4.831115279414437,1.7592186044416018e-05
760,4.936628201428582,4.833045541156422,4.831115279414437,1.7592186044416018e-05
761,4.93640235564288,4.8357204523953525,4.831115279414437,1.7592186044416018e-05
762,4.934071373659021,4.833875572681427,4.831115279414437,1.7592186044416018e-05
763,4.936413381800932,4.835396780750968,4.831115279414437,1.7592186044416018e-05
764,4.93796758146847,4.836757908084175,4.831115279414437,1.7592186044416018e-05
765,4.936449260150685,4.83641264221885,4.831115279414437,1.7592186044416018e-05
766,4.935718037661384,4.847319319031455,4.831115279414437,1.7592186044416018e-05
767,4.931331382078283,4.83958375562321,4.831115279414437,1.7592186044416018e-05
768,4.931716136371388,4.831686050241644,4.831115279414437,1.7592186044416018e-05
769,4.933053365034215,4.83208606893366,4.831115279414437,1.7592186044416018e-05
770,4.933115099738626,4.851321444728158,4.831115279414437,1.7592186044416018e-05
771,4.935762611276963,4.836675261367451,4.831115279414437,1.7592186044416018e-05
772,4.933116341759177,4.8300839120691474,4.8300839120691474,1.7592186044416018e-05
773,4.9325621116862575,4.8298502228476785,4.8298502228476785,1.7592186044416018e-05
774,4.934250571867999,4.833565671877428,4.8298502228476785,1.7592186044416018e-05
775,4.9333935692731075,4.831040394306183,4.8298502228476785,1.7592186044416018e-05
776,4.934443266812493,4.833010827411305,4.8298502228476785,1.7592186044416018e-05
777,4.933137552597944,4.83104747208682,4.8298502228476785,1.7592186044416018e-05
778,4.934076252544627,4.829535326090726,4.829535326090726,1.7592186044416018e-05
779,4.934800422331866,4.829813884605061,4.829535326090726,1.7592186044416018e-05
780,4.934103167477776,4.831801244345578,4.829535326090726,1.7592186044416018e-05
781,4.934305612339693,4.831819813901728,4.829535326090726,1.7592186044416018e-05
782,4.935443313262041,4.831509556553581,4.829535326090726,1.7592186044416018e-05
783,4.933901478823493,4.829816081307151,4.829535326090726,1.7592186044416018e-05
784,4.935590717652265,4.857288439707323,4.829535326090726,1.7592186044416018e-05
785,4.942648071401259,4.8514702916145325,4.829535326090726,1.7592186044416018e-05
786,4.941435440848855,4.842604318532077,4.829535326090726,1.7592186044416018e-05
787,4.936381926817052,4.840060293674469,4.829535326090726,1.7592186044416018e-05
788,4.936359815597534,4.844538806785237,4.829535326090726,1.7592186044416018e-05
789,4.9351129060633045,4.839808525822379,4.829535326090726,1.7592186044416018e-05
790,4.935420509226182,4.836138974536549,4.829535326090726,1.7592186044416018e-05
791,4.935774692647597,4.836164319515229,4.829535326090726,1.7592186044416018e-05
792,4.936140090717989,4.842197668552399,4.829535326090726,1.7592186044416018e-05
793,4.939969693913179,4.838745563680475,4.829535326090726,1.7592186044416018e-05
794,4.940709846159991,4.839910489862615,4.829535326090726,1.7592186044416018e-05
795,4.939439534580006,4.837634665315801,4.829535326090726,1.7592186044416018e-05
796,4.9414216630599075,4.84428447268226,4.829535326090726,1.7592186044416018e-05
797,4.938945284450756,4.851199973713268,4.829535326090726,1.7592186044416018e-05
798,4.935789830263923,4.836854063380848,4.829535326090726,1.7592186044416018e-05
799,4.934095111173742,4.837584794651378,4.829535326090726,1.7592186044416018e-05
800,4.934596214294434,4.834438050876964,4.829535326090726,1.4073748835532815e-05
801,4.930696583355174,4.826111512834376,4.826111512834376,1.4073748835532815e-05
802,4.930024619943955,4.828876642747359,4.826111512834376,1.4073748835532815e-05
803,4.9286958643969365,4.825919534943321,4.825919534943321,1.4073748835532815e-05
804,4.928892103082993,4.829098598523573,4.825919534943321,1.4073748835532815e-05
805,4.93001321736504,4.829442635449496,4.825919534943321,1.4073748835532815e-05
806,4.93085321706884,4.826760864257812,4.825919534943321,1.4073748835532815e-05
807,4.930933116464054,4.827877720919522,4.825919534943321,1.4073748835532815e-05
808,4.929853921217077,4.8224945902824405,4.8224945902824405,1.4073748835532815e-05
809,4.930033418991987,4.825063982876864,4.8224945902824405,1.4073748835532815e-05
810,4.92936144436107,4.83249568939209,4.8224945902824405,1.4073748835532815e-05
811,4.930289613499361,4.832349115068262,4.8224945902824405,1.4073748835532815e-05
812,4.931007452572094,4.8233645168217745,4.8224945902824405,1.4073748835532815e-05
813,4.93025870996363,4.835747168280862,4.8224945902824405,1.4073748835532815e-05
814,4.929409473643584,4.83148547410965,4.8224945902824405,1.4073748835532815e-05
815,4.930461903740378,4.828658895059065,4.8224945902824405,1.4073748835532815e-05
816,4.930912147409775,4.82804829640822,4.8224945902824405,1.4073748835532815e-05
817,4.932075876909144,4.831952758268876,4.8224945902824405,1.4073748835532815e-05
818,4.931011840595919,4.835937688567421,4.8224945902824405,1.4073748835532815e-05
819,4.930076242334702,4.831134181672876,4.8224945902824405,1.4073748835532815e-05
820,4.929469188802383,4.832155947251754,4.8224945902824405,1.4073748835532815e-05
821,4.9293771900850185,4.829911799864336,4.8224945902824405,1.4073748835532815e-05
822,4.929354107800652,4.827656298333948,4.8224945902824405,1.4073748835532815e-05
823,4.930905573788811,4.827407240867615,4.8224945902824405,1.4073748835532815e-05
824,4.930414110632504,4.830659382993525,4.8224945902824405,1.4073748835532815e-05
825,4.931676098879646,4.8304126230153175,4.8224945902824405,1.4073748835532815e-05
826,4.931553780050839,4.825716053355824,4.8224945902824405,1.4073748835532815e-05
827,4.94657146173365,4.872964720292525,4.8224945902824405,1.4073748835532815e-05
828,4.942693436566521,4.849651194702496,4.8224945902824405,1.4073748835532815e-05
829,4.934337178398581,4.846188261292197,4.8224945902824405,1.4073748835532815e-05
830,4.933697808209588,4.844910002838482,4.8224945902824405,1.4073748835532815e-05
831,4.933134254006778,4.8421778733080085,4.8224945902824405,1.4073748835532815e-05
832,4.932438285491045,4.842248356342315,4.8224945902824405,1.4073748835532815e-05
833,4.932534717672011,4.840842957930131,4.8224945902824405,1.4073748835532815e-05
834,4.932767621208639,4.8381842472336505,4.8224945902824405,1.4073748835532815e-05
835,4.9321206042345835,4.8390625661069695,4.8224945902824405,1.4073748835532815e-05
836,4.932560787761912,4.840446349707517,4.8224945902824405,1.4073748835532815e-05
837,4.93372909377603,4.84120794317939,4.8224945902824405,1.4073748835532815e-05
838,4.933062541625079,4.835837783596732,4.8224945902824405,1.4073748835532815e-05
839,4.932803955078125,4.836169815063476,4.8224945902824405,1.4073748835532815e-05
840,4.933300254485187,4.83664975383065,4.8224945902824405,1.4073748835532815e-05
841,4.932863082885742,4.836239756237377,4.8224945902824405,1.4073748835532815e-05
842,4.932328616310569,4.83870743079619,4.8224945902824405,1.4073748835532815e-05
843,4.932306925268734,4.830548472837968,4.8224945902824405,1.4073748835532815e-05
844,4.931602110021255,4.830189008062536,4.8224945902824405,1.4073748835532815e-05
845,4.93138765222886,4.829937691038305,4.8224945902824405,1.4073748835532815e-05
846,4.932333955203785,4.834112390604886,4.8224945902824405,1.4073748835532815e-05
847,4.931674802443561,4.83210410529917,4.8224945902824405,1.4073748835532815e-05
848,4.932438052682316,4.832506716251373,4.8224945902824405,1.4073748835532815e-05
849,4.931745089923634,4.830994416366924,4.8224945902824405,1.4073748835532815e-05
850,4.931584770539228,4.834381372278387,4.8224945902824405,1.1258999068426253e-05
851,4.930043872945449,4.828242549029263,4.8224945902824405,1.1258999068426253e-05
852,4.930100645177505,4.8280131069096655,4.8224945902824405,1.1258999068426253e-05
853,4.929053496192483,4.8280372467907995,4.8224945902824405,1.1258999068426253e-05
854,4.928810538123636,4.828888060829856,4.8224945902824405,1.1258999068426253e-05
855,4.928684668260463,4.829633971777829,4.8224945902824405,1.1258999068426253e-05
856,4.929722299575806,4.827242005955089,4.8224945902824405,1.1258999068426253e-05
857,4.928958830552943,4.826630250974135,4.8224945902824405,1.1258999068426253e-05
858,4.929351236679975,4.828725570982153,4.8224945902824405,1.1258999068426253e-05
859,4.92968651154462,4.833487615802071,4.8224945902824405,1.1258999068426253e-05
860,4.930117453967823,4.826960184357383,4.8224945902824405,1.1258999068426253e-05
861,4.930206061531516,4.826194070685993,4.8224945902824405,1.1258999068426253e-05
862,4.9295798733655145,4.821071566234935,4.821071566234935,1.1258999068426253e-05
863,4.929004302305334,4.823266200585799,4.821071566234935,1.1258999068426253e-05
864,4.928479218202479,4.825303983688355,4.821071566234935,1.1258999068426253e-05
865,4.92826335289899,4.825887441635132,4.821071566234935,1.1258999068426253e-05
866,4.929827382143806,4.825360875779932,4.821071566234935,1.1258999068426253e-05
867,4.929600331362556,4.825556355172938,4.821071566234935,1.1258999068426253e-05
868,4.9287912671706255,4.824366141449321,4.821071566234935,1.1258999068426253e-05
869,4.928101163751939,4.826224349845539,4.821071566234935,1.1258999068426253e-05
870,4.928694638083963,4.828764308582652,4.821071566234935,1.1258999068426253e-05
871,4.932089812895831,4.823383098298853,4.821071566234935,1.1258999068426253e-05
872,4.932195427277509,4.815843690525401,4.815843690525401,1.1258999068426253e-05
873,4.931842018576229,4.814754579283974,4.814754579283974,1.1258999068426253e-05
874,4.930625482447007,4.822125060991808,4.814754579283974,1.1258999068426253e-05
875,4.930890231413,4.823618211529472,4.814754579283974,1.1258999068426253e-05
876,4.9292832632625805,4.838735460151326,4.814754579283974,1.1258999068426253e-05
877,4.926993380714865,4.82210385799408,4.814754579283974,1.1258999068426253e-05
878,4.926868136910831,4.819673255356875,4.814754579283974,1.1258999068426253e-05
879,4.926775437523337,4.821787161176855,4.814754579283974,1.1258999068426253e-05
880,4.926894060583676,4.825478301265023,4.814754579283974,1.1258999068426253e-05
881,4.926677302192239,4.823484129255468,4.814754579283974,1.1258999068426253e-05
882,4.926060511645149,4.823412601514296,4.814754579283974,1.1258999068426253e-05
883,4.926427809210384,4.819036746025086,4.814754579283974,1.1258999068426253e-05
884,4.927021244273466,4.823092689297416,4.814754579283974,1.1258999068426253e-05
885,4.92582150851979,4.819206298481334,4.814754579283974,1.1258999068426253e-05
886,4.925004924886367,4.820746780525554,4.814754579283974,1.1258999068426253e-05
887,4.9253218089832975,4.819874113256281,4.814754579283974,1.1258999068426253e-05
888,4.924632537505206,4.82087263952602,4.814754579283974,1.1258999068426253e-05
889,4.924173840354471,4.824583082849329,4.814754579283974,1.1258999068426253e-05
890,4.924423281164731,4.820695272358981,4.814754579283974,1.1258999068426253e-05
891,4.924903659259572,4.81899348822507,4.814754579283974,1.1258999068426253e-05
892,4.925287755517399,4.820834356004542,4.814754579283974,1.1258999068426253e-05
893,4.926383664748248,4.822549696402116,4.814754579283974,1.1258999068426253e-05
894,4.926870441436767,4.816301641680978,4.814754579283974,1.1258999068426253e-05
895,4.925568999122171,4.819280203905973,4.814754579283974,1.1258999068426253e-05
896,4.924314990885118,4.824073528159748,4.814754579283974,1.1258999068426253e-05
897,4.9238498334323655,4.820607631856745,4.814754579283974,1.1258999068426253e-05
898,4.92434874085819,4.816913343559612,4.814754579283974,1.1258999068426253e-05
899,4.923992381376379,4.819064727696506,4.814754579283974,1.1258999068426253e-05
900,4.924513086431166,4.818840527534485,4.814754579283974,9.007199254741003e-06
901,4.922731047798606,4.822478212009777,4.814754579283974,9.007199254741003e-06
902,4.922188136156867,4.823848961700093,4.814754579283974,9.007199254741003e-06
903,4.922543614331413,4.8231750520792875,4.814754579283974,9.007199254741003e-06
904,4.923784625670489,4.82354332967238,4.814754579283974,9.007199254741003e-06
905,4.9223443177167105,4.824152928048914,4.814754579283974,9.007199254741003e-06
906,4.922313917945413,4.820325711640445,4.814754579283974,9.007199254741003e-06
907,4.922121080510757,4.82193876396526,4.814754579283974,9.007199254741003e-06
908,4.922129350550034,4.821012402664532,4.814754579283974,9.007199254741003e-06
909,4.922190678540398,4.818226892297918,4.814754579283974,9.007199254741003e-06
910,4.92225689719705,4.818089443987066,4.814754579283974,9.007199254741003e-06
911,4.921976014866549,4.819277379729531,4.814754579283974,9.007199254741003e-06
912,4.921847894892973,4.819364964962006,4.814754579283974,9.007199254741003e-06
913,4.920911023757037,4.818177871270613,4.814754579283974,9.007199254741003e-06
914,4.92198691368103,4.821618539636785,4.814754579283974,9.007199254741003e-06
915,4.922337451261632,4.8181274284016,4.814754579283974,9.007199254741003e-06
916,4.92189118048724,4.815561375834725,4.814754579283974,9.007199254741003e-06
917,4.920727493061739,4.8184071573344145,4.814754579283974,9.007199254741003e-06
918,4.921049851810231,4.821186026659879,4.814754579283974,9.007199254741003e-06
919,4.921911953196806,4.822077253731814,4.814754579283974,9.007199254741003e-06
920,4.921026452569401,4.818719778277657,4.814754579283974,9.007199254741003e-06
921,4.921906548668357,4.820776775750247,4.814754579283974,9.007199254741003e-06
922,4.920903010648839,4.819915838675065,4.814754579283974,9.007199254741003e-06
923,4.921776737325332,4.82162530855699,4.814754579283974,9.007199254741003e-06
924,4.921148319244384,4.820187165520408,4.814754579283974,9.007199254741003e-06
925,4.921254907495835,4.819327566840432,4.814754579283974,9.007199254741003e-06
926,4.921495165544398,4.820469308983196,4.814754579283974,9.007199254741003e-06
927,4.921608091803158,4.816793363744562,4.814754579283974,9.007199254741003e-06
928,4.9219511755775,4.816262925754894,4.814754579283974,9.007199254741003e-06
929,4.920795360452988,4.814486025680195,4.814486025680195,9.007199254741003e-06
930,4.921312578425688,4.817525973103264,4.814486025680195,9.007199254741003e-06
931,4.921714002384859,4.817372064156966,4.814486025680195,9.007199254741003e-06
932,4.920892015905941,4.816236321492629,4.814486025680195,9.007199254741003e-06
933,4.92146403761471,4.815051178498702,4.814486025680195,9.007199254741003e-06
934,4.921321845335119,4.815652139620347,4.814486025680195,9.007199254741003e-06
935,4.92131947629592,4.819054617665031,4.814486025680195,9.007199254741003e-06
936,4.921339850706213,4.81341608654369,4.81341608654369,9.007199254741003e-06
937,4.921224182914285,4.813022225553339,4.813022225553339,9.007199254741003e-06
938,4.922743510638966,4.820096685669639,4.813022225553339,9.007199254741003e-06
939,4.920641120461856,4.815789356014945,4.813022225553339,9.007199254741003e-06
940,4.920775283364689,4.816836904395711,4.813022225553339,9.007199254741003e-06
941,4.921437886742985,4.819651119275527,4.813022225553339,9.007199254741003e-06
942,4.921355469086591,4.818042349815369,4.813022225553339,9.007199254741003e-06
943,4.920774344836964,4.823177620497617,4.813022225553339,9.007199254741003e-06
944,4.921449099709006,4.817935481938449,4.813022225553339,9.007199254741003e-06
945,4.921654472351074,4.816501074487513,4.813022225553339,9.007199254741003e-06
946,4.921886251673979,4.813162806901064,4.813022225553339,9.007199254741003e-06
947,4.921674056894639,4.814597919854251,4.813022225553339,9.007199254741003e-06
948,4.921831141640158,4.82110641002655,4.813022225553339,9.007199254741003e-06
949,4.922549349279965,4.816244546933608,4.813022225553339,9.007199254741003e-06
950,4.921479224036721,4.817067482254722,4.813022225553339,7.205759403792802e-06
951,4.920542328778435,4.817661325498061,4.813022225553339,7.205759403792802e-06
952,4.920095355089973,4.818283117901196,4.813022225553339,7.205759403792802e-06
953,4.920135416704066,4.819303687052293,4.813022225553339,7.205759403792802e-06
954,4.920352978425868,4.824235879291187,4.813022225553339,7.205759403792802e-06
955,4.921228602353264,4.817063022743572,4.813022225553339,7.205759403792802e-06
956,4.920537312451531,4.817747162688862,4.813022225553339,7.205759403792802e-06
957,4.920159597957835,4.820882287892428,4.813022225553339,7.205759403792802e-06
958,4.920243110095753,4.821037634936246,4.813022225553339,7.205759403792802e-06
959,4.91983741199269,4.821618058464744,4.813022225553339,7.205759403792802e-06
960,4.919624668009141,4.818235280297019,4.813022225553339,7.205759403792802e-06
961,4.91926555296954,4.818020410971208,4.813022225553339,7.205759403792802e-06
962,4.918804987178129,4.814872239936482,4.813022225553339,7.205759403792802e-06
963,4.9184096560758706,4.811955455216494,4.811955455216494,7.205759403792802e-06
964,4.919148827160106,4.811369854753668,4.811369854753668,7.205759403792802e-06
965,4.922666451510261,4.815018490227786,4.811369854753668,7.205759403792802e-06
966,4.919481138902552,4.81371059959585,4.811369854753668,7.205759403792802e-06
967,4.91880431063035,4.8140270634131,4.811369854753668,7.205759403792802e-06
968,4.918649240381577,4.812166671319441,4.811369854753668,7.205759403792802e-06
969,4.918693425234626,4.81518311067061,4.811369854753668,7.205759403792802e-06
970,4.919597680147956,4.816022967208515,4.811369854753668,7.205759403792802e-06
971,4.918042253045475,4.817590932412581,4.811369854753668,7.205759403792802e-06
972,4.918415424683515,4.816802131045948,4.811369854753668,7.205759403792802e-06
973,4.918542533762315,4.8134364474903455,4.811369854753668,7.205759403792802e-06
974,4.919212127012365,4.814198109236631,4.811369854753668,7.205759403792802e-06
975,4.918990667567534,4.814344917644154,4.811369854753668,7.205759403792802e-06
976,4.919395880418666,4.81756232435053,4.811369854753668,7.205759403792802e-06
977,4.91957872951732,4.8161084857853975,4.811369854753668,7.205759403792802e-06
978,4.919535241968491,4.812966724959287,4.811369854753668,7.205759403792802e-06
979,4.918971995185403,4.815509408170526,4.811369854753668,7.205759403792802e-06
980,4.918643985636094,4.8178796182979235,4.811369854753668,7.205759403792802e-06
981,4.919012861251831,4.820068775523793,4.811369854753668,7.205759403792802e-06
982,4.918881464004516,4.819023876840418,4.811369854753668,7.205759403792802e-06
983,4.918809837453505,4.8173569906841625,4.811369854753668,7.205759403792802e-06
984,4.919519859762753,4.81587309512225,4.811369854753668,7.205759403792802e-06
985,4.919276744618135,4.811945924975655,4.811369854753668,7.205759403792802e-06
986,4.919474517597871,4.8206618048928,4.811369854753668,7.205759403792802e-06
987,4.9196066216861505,4.816672775962136,4.811369854753668,7.205759403792802e-06
988,4.91975934084724,4.818859355016188,4.811369854753668,7.205759403792802e-06
989,4.9195964869330915,4.818965676697817,4.811369854753668,7.205759403792802e-06
990,4.920245211545159,4.8119986458258195,4.811369854753668,7.205759403792802e-06
991,4.9201109297135295,4.810475665872747,4.810475665872747,7.205759403792802e-06
992,4.920613901474897,4.810960025137121,4.810475665872747,7.205759403792802e-06
993,4.919264225679285,4.819630405035886,4.810475665872747,7.205759403792802e-06
994,4.919296485676485,4.815699582750147,4.810475665872747,7.205759403792802e-06
995,4.920031010122861,4.814368187297474,4.810475665872747,7.205759403792802e-06
996,4.919795541202321,4.80627975247123,4.80627975247123,7.205759403792802e-06
997,4.919586747113396,4.816519471732053,4.80627975247123,7.205759403792802e-06
998,4.9194464173036465,4.810598103566603,4.80627975247123,7.205759403792802e-06
999,4.919541120529175,4.815160752426494,4.80627975247123,7.205759403792802e-06
1000,4.919842428319594,4.812498334321108,4.80627975247123,5.764607523034242e-06
